Urban Area Name,Country,lon,lat
Pearl River Delta urban area,China,113.6216667,22.7694444
Tokyo urban area,Japan,139.6917064,35.6894875
Shanghai urban area,China,121.473701,31.230416
Jakarta urban area,Indonesia,106.822745,-6.1744651
Beijing urban area,China,116.407395,39.904211
Manila urban area,Philippines,120.9842195,14.5995124
Seoul urban area,Republic of Korea,126.9779692,37.566535
Osaka urban area,Japan,135.5021651,34.6937378
Bangkok urban area,Thailand,100.5017651,13.7563309
Tianjin urban area,China,117.200983,39.084158
Shantou urban area,China,116.681972,23.354091
Chengdu urban area,China,104.066801,30.572816
Ho Chi Minh City urban area,Vietnam,106.6296638,10.8230989
Nagoya urban area,Japan,136.906398,35.1814464
Wuhan urban area,China,114.305393,30.593099
Hong Kong SAR urban area,China,114.109497,22.396428
Bandung urban area,Indonesia,107.6191228,-6.9174639
Shenyang urban area,China,123.431472,41.805699
Taipei City urban area,"Taiwan, China",121.5654177,25.0329694
Hangzhou urban area,China,120.15507,30.274085
Surabaya urban area,Indonesia,112.7520883,-7.2574719
Kuala Lumpur urban area,Malaysia,101.686855,3.139003
Xi'an urban area,China,108.93977,34.341575
Ha Noi urban area,Vietnam,105.8341598,21.0277644
Chongqing urban area,China,106.551556,29.56301
Quanzhou urban area,China,118.675676,24.874132
Nanjing urban area,China,118.796877,32.060255
Xiamen urban area,China,118.089425,24.479834
Taiyuan urban area,China,112.548879,37.87059
Qingdao urban area,China,120.382609,36.067108
Medan urban area,Indonesia,98.6722227,3.5951956
Harbin urban area,China,126.534967,45.803775
Zhengzhou urban area,China,113.625328,34.746611
Changsha urban area,China,112.938814,28.228209
Hefei urban area,China,117.227219,31.820592
Anshan urban area,China,122.994329,41.108647
Dalian urban area,China,121.614682,38.914003
Changchun urban area,China,125.323544,43.817072
Yangon City urban area,Myanmar,96.195132,16.8660694
Singapore urban area,Singapore,103.819836,1.352083
Shijiazhuang urban area,China,114.51486,38.042307
Fuzhou urban area,China,119.296494,26.074508
Kunming urban area,China,102.832892,24.880095
Busan urban area,Republic of Korea,129.0756416,35.1795543
Jinan urban area,China,117.12,36.651216
Wenzhou urban area,China,120.699362,27.993828
Semarang urban area,Indonesia,110.4381254,-7.0051453
Wuxi urban area,China,120.31191,31.49117
Ningbo urban area,China,121.54399,29.868336
Kaohsiung urban area,"Taiwan, China",120.3355193,22.6350591
Changzhou urban area,China,119.974062,31.811226
Nanchang urban area,China,115.858198,28.682892
Urumqi urban area,China,87.616848,43.825592
Zibo urban area,China,118.054927,36.813487
Taizhou urban area,China,121.42076,28.65638
Malang urban area,Indonesia,112.6326321,-7.9666204
Lanzhou urban area,China,103.834304,36.061089
Xinxiang urban area,China,113.927016,35.303136
Surakarta urban area,Indonesia,110.8243272,-7.5754887
Tegal urban area,Indonesia,109.1255917,-6.8797041
Guiyang urban area,China,106.630154,26.647661
Tangshan urban area,China,118.180194,39.630867
Fukuoka urban area,Japan,130.4017155,33.5903547
Xuzhou urban area,China,117.284124,34.205768
Baotou urban area,China,109.840349,40.657378
Taegu urban area,Republic of Korea,128.601445,35.8714354
Luoyang urban area,China,112.45404,34.619683
Baoding urban area,China,115.46459,38.874434
Huhehaote urban area,China,111.749181,40.842585
Taichung urban area,"Taiwan, China",120.6736482,24.1477358
Nanning urban area,China,108.366543,22.817002
Yogyakarta urban area,Indonesia,110.3694896,-7.7955798
Cixi urban area,China,121.266579,30.169665
Sapporo urban area,Japan,141.3543763,43.0620958
George Town urban area,Malaysia,100.3091,5.4356367
Datong urban area,China,113.300129,40.076763
Cirebon urban area,Indonesia,108.5523164,-6.7320229
Linyi urban area,China,118.356414,35.104674
Palembang urban area,Indonesia,104.7754307,-2.9760735
Tasikmalaya urban area,Indonesia,108.2171633,-7.3505808
Makassar urban area,Indonesia,119.4327314,-5.1476651
Handan urban area,China,114.538962,36.625657
Huaiyin urban area,China,119.015288,33.61036
Weifang urban area,China,119.161749,36.706962
Kitakyushu urban area,Japan,130.8752161,33.8834093
Cebu urban area,Philippines,123.8854366,10.3156992
Changzhi urban area,China,113.116404,36.195409
Denpasar urban area,Indonesia,115.2126293,-8.6704582
Anyang urban area,China,114.392393,36.097577
Jiaozuo urban area,China,113.241823,35.215893
Xining urban area,China,101.778224,36.617134
Phnom Penh urban area,Cambodia,104.8921668,11.5448729
Tongzhou urban area,China,116.656435,39.909946
Haikou urban area,China,110.198293,20.044002
P'yongyang urban area,Democratic People's Republic of Korea,125.7625241,39.0392193
Jiexiu urban area,China,111.916712,37.026945
Yantai urban area,China,121.447935,37.463822
Jember urban area,Indonesia,113.6680747,-8.1844859
Sukabumi urban area,Indonesia,106.9299579,-6.9277361
Liuzhou urban area,China,109.42841,24.326038
Johor Bahru urban area,Malaysia,103.7413591,1.492659
Putian urban area,China,119.007777,25.454085
Jilin urban area,China,125.325862,43.89654
Kediri  urban area,Indonesia,112.0178286,-7.8480156
Maoming urban area,China,110.925456,21.662999
Qinhuangda urban areao,China,119.600493,39.935385
Yingkou urban area,China,122.235418,40.667012
Xingtai urban area,China,114.504844,37.070589
Hai Phong urban area,Vietnam,106.6880841,20.8449115
Yinchuan urban area,China,106.230909,38.487194
Lingxi urban area,China,111.177234,29.367984
Xiangtan urban area,China,112.944049,27.829738
Jiangyin urban area,China,120.284939,31.920658
Daqing urban area,China,125.103784,46.58931
Jinzhou urban area,China,121.126846,41.095685
Zhangjiakou urban area,China,114.886335,40.767545
Garut urban area,Indonesia,107.9235563,-7.251216
Mandalay urban area,Myanmar,96.0891032,21.9588282
Sendai urban area,Japan,140.8693558,38.268215
Cikampek urban area,Indonesia,107.4381106,-6.3958742
Kaifeng urban area,China,114.307583,34.797281
Dandong urban area,China,124.354451,40.000787
Huaibei urban area,China,116.798265,33.955845
Chifeng urban area,China,118.886856,42.257817
Cianjur urban area,Indonesia,107.1425442,-6.8168237
Kwangju urban area,Republic of Korea,126.8526012,35.1595454
Huainan urban area,China,116.999933,32.625478
Changshu urban area,China,120.752481,31.654376
Yungkang urban area,"Taiwan, China",120.047651,28.888555
Cilacap urban area,Indonesia,109.023521,-7.6982991
Zhanjiang urban area,China,110.359336,21.270746
Yangzhou urban area,China,119.412947,32.394213
Matsumoto urban area,Japan,137.9720341,36.2380381
Bandar Lampung urban area,Indonesia,105.2667887,-5.3971396
Madiun urban area,Indonesia,111.5300159,-7.6310587
Wuhu urban area,China,118.432941,31.352859
Puyang urban area,China,115.029216,35.761829
Tai'an urban area,China,117.087614,36.200252
Hengyang urban area,China,112.572018,26.893369
Purwokerto urban area,Indonesia,109.2396366,-7.4242782
Nara urban area,Japan,135.8050002,34.6850869
Jining urban area,China,116.587282,35.414982
Taejon urban area,Republic of Korea,127.3845475,36.3504119
Rui'an urban area,China,120.655148,27.778657
Zhuzhou urban area,China,113.133853,27.827987
Jiaonan urban area,China,117.650841,32.155333
Ulaanbaatar urban area,Mongolia,106.9057439,47.8863988
Huangshi urban area,China,115.038835,30.200031
Xiangfan urban area,China,112.122415,32.008986
Tengzhou urban area,China,117.164388,35.084021
Yueqing urban area,China,120.983906,28.113725
Yining urban area,China,81.527454,43.977138
Otsu urban area,Japan,135.8546074,35.0178929
Zhangjiagang urban area,China,120.556005,31.875572
Da Nang urban area,Vietnam,108.2021667,16.0544068
Qiqiha'er urban area,China,123.918186,47.354348
Mudanjiang urban area,China,129.633169,44.551653
Guilin urban area,China,110.179954,25.234479
Yiwu urban area,China,120.07514,29.306757
Fuqing urban area,China,119.384334,25.721143
Naha urban area,Japan,127.6791568,26.2123124
Baoji urban area,China,107.237743,34.363184
Gaizhou urban area,China,122.348936,40.400611
Benxi urban area,China,123.685143,41.486981
Ulsan urban area,Republic of Korea,129.3113596,35.5383773
Yueyang urban area,China,113.12873,29.356804
Batam urban area,Indonesia,104.0304535,1.0456264
Davao urban area,Philippines,125.455341,7.190708
Hiroshima urban area,Japan,132.4552927,34.3852029
Keshi urban area,China,75.99379,39.467686
Banyuwangi urban area,Indonesia,114.3691416,-8.2190944
Suqian urban area,China,118.275198,33.963232
Pingxiang urban area,China,113.854556,27.622768
Dongying urban area,China,118.674767,37.434751
Yangquan urban area,China,113.580519,37.856972
Ma'anshan urban area,China,118.50676,31.670452
Banjarmasin urban area,Indonesia,114.5943784,-3.3186067
Pekan Baru urban area,Indonesia,101.4477793,0.5070677
Yichang urban area,China,111.286471,30.691967
Blitar urban area,Indonesia,112.1609056,-8.0954627
Fuxin urban area,China,121.670324,42.021619
Dingzhou urban area,China,114.990392,38.516461
Pingdingshan urban area,China,113.192661,33.76617
Zhenjiang urban area,China,119.425836,32.187849
Rizhao urban area,China,119.526925,35.416734
Pekalongan urban area,Indonesia,109.6745916,-6.8898362
Shouguang urban area,China,118.79074,36.85576
Liaocheng urban area,China,115.98546,36.45703
Klaten urban area,Indonesia,110.6645683,-7.657893
Ipoh urban area,Malaysia,101.090106,4.597479
Changde urban area,China,111.698497,29.031673
Panjin urban area,China,122.070714,41.119997
Kanazawa urban area,Japan,136.6562051,36.5613254
Melaka urban area,Malaysia,102.2500868,2.189594
Heze urban area,China,115.480656,35.23375
Zunhua urban area,China,117.965892,40.189202
Jombang urban area,Indonesia,112.28609,-7.5740867
Linfen urban area,China,111.518976,36.088005
Fuji urban area,Japan,138.6762728,35.1613985
Bangbu urban area,China,117.389719,32.916287
Mianyang urban area,China,104.678946,31.467495
Nanyang urban area,China,112.528308,32.990664
Cangzhou urban area,China,116.838835,38.304477
Gaobeidian urban area,China,115.873758,39.32652
Ganzhou urban area,China,114.93503,25.831829
Kumamoto urban area,Japan,130.7078911,32.8031004
Pemalang urban area,Indonesia,109.4259114,-7.0599422
Jinhua urban area,China,119.647421,29.079175
Shangqiu urban area,China,115.656339,34.414961
Yancheng urban area,China,120.16366,33.347316
Zhuji urban area,China,120.246863,29.708692
Kebumen urban area,Indonesia,109.6524575,-7.6680559
Wafangdian urban area,China,121.979603,39.627114
Kota Kinabalu urban area,Malaysia,116.0734568,5.980408
Yixing urban area,China,119.823308,31.340637
Jiaxing urban area,China,120.758543,30.753924
Angeles City urban area,Philippines,120.5887029,15.1449853
Xuchang urban area,China,113.852454,34.035771
Hamamatsu urban area,Japan,137.7261258,34.7108344
Shaoyang urban area,China,111.467791,27.238893
Hsinchu urban area,"Taiwan, China",120.9674798,24.8138287
Probolinggo urban area,Indonesia,113.2037131,-7.7764226
Mataram urban area,Indonesia,116.1004894,-8.5769951
Luohe urban area,China,114.016536,33.580873
Huzhou urban area,China,120.086823,30.894348
Bojonegoro urban area,Indonesia,111.7614661,-7.3174629
Subang urban area,Indonesia,107.7607951,-6.5622888
Weihai urban area,China,122.12042,37.513068
Padang urban area,Indonesia,100.417181,-0.9470832
Samarinda urban area,Indonesia,117.1436154,-0.4948232
Guigang urban area,China,109.598927,23.111531
Siping urban area,China,124.350398,43.16642
Anqing urban area,China,117.115101,30.53192
Mojokerto urban area,Indonesia,112.4401329,-7.4704747
Tulungagung urban area,Indonesia,111.9641728,-8.091221
Xintai urban area,China,117.767953,35.909032
Leshan urban area,China,103.765568,29.552106
Zhujiang urban area,China,113.6216667,22.7694444
Buon Ma Thu urban area,Vietnam,108.0382475,12.6661944
Jincheng urban area,China,112.851831,35.490702
Jiamusi urban area,China,130.318879,46.799778
Mito urban area,Japan,140.4709965,36.3665027
Yangjiang urban area,China,111.982232,21.857958
Jingzhou urban area,China,112.239741,30.335165
Fuyang urban area,China,115.814205,32.890124
Yiyang urban area,China,112.35518,28.55386
Suzhou urban area,China,120.58529,31.298979
Zigong urban area,China,104.778442,29.33903
Hai Du'o'ng urban area,Vietnam,106.3206861,20.9385958
Linqing urban area,China,115.704881,36.838277
Toyama urban area,Japan,137.2136768,36.6959518
Lufeng urban area,China,115.65226,22.917576
Changwon urban area,Republic of Korea,128.655142,35.239455
Zunyi urban area,China,106.927389,27.725654
Jixi urban area,China,130.969333,45.295075
Kuching urban area,Malaysia,110.3785438,1.6076812
Magelang urban area,Indonesia,110.2176941,-7.4797342
Yulin urban area,China,110.164756,22.636379
Tokushima urban area,Japan,134.5548438,34.0702703
Niigata urban area,Japan,139.0364126,37.9161924
Jambi urban area,Indonesia,103.6131203,-1.6101229
Shaoguan urban area,China,113.597547,24.810329
Langfang urban area,China,116.683752,39.538047
Toyohashi urban area,Japan,137.3914662,34.7691995
Zoucheng urban area,China,117.003743,35.405185
Wu'an urban area,China,114.203697,36.696506
Pingdu urban area,China,119.98842,36.776358
Renqiu urban area,China,116.082918,38.683592
Dengzhou urban area,China,112.087455,32.687734
Heyuan urban area,China,114.700961,23.743686
Linhai urban area,China,121.145046,28.858457
Ponorogo urban area,Indonesia,111.4696322,-7.8650759
Jiujiang urban area,China,116.00193,29.705077
Bacolod urban area,Philippines,122.9689565,10.6407389
Changhua urban area,"Taiwan, China",120.5624474,24.0716583
Bozhou urban area,China,115.778676,33.844582
Nha Trang urban area,Vietnam,109.1967488,12.2387911
Purwakarta urban area,Indonesia,107.4462717,-6.5406665
Nam Ha urban area,Vietnam,105.92299,20.5835196
Gaocheng urban area,China,114.847075,38.021567
Fengrun urban area,China,118.162216,39.832582
Wuchuan urban area,China,110.778411,21.441808
Shangrao urban area,China,117.943433,28.454863
Vinh urban area,Vietnam,105.6813333,18.6795848
Kuningan urban area,Indonesia,108.4928912,-6.9810103
Jepara urban area,Indonesia,110.6786933,-6.582711
Nanchong urban area,China,106.110698,30.837793
Zaozhuang urban area,China,117.323725,34.810488
Qingkou urban area,China,102.74674,23.115359
Kota Bharu urban area,Malaysia,102.2776838,6.1167855
Qingzhou urban area,China,118.479622,36.684528
Chongju urban area,Republic of Korea,127.4890319,36.6424341
Huludao urban area,China,120.83694,40.711041
Qianan urban area,China,118.701144,39.999175
Tongliao urban area,China,122.243444,43.65289
Qitaihe urban area,China,131.003138,45.771727
Yushu urban area,China,97.091934,33.011674
Songyuan urban area,China,124.825118,45.141789
Danyang urban area,China,119.606439,32.010214
Hejian urban area,China,116.099518,38.446624
Huicheng urban area,China,114.382541,23.084122
Dezhou urban area,China,116.357465,37.434093
Yongkang urban area,China,120.047651,28.888555
Liaoyuan urban area,China,125.14366,42.887767
Hue urban area,Vietnam,107.5623501,16.4498
Tongling urban area,China,117.811267,30.945516
Dongyang urban area,China,120.241566,29.289648
Nankang urban area,China,114.765403,25.661471
Dongsheng urban area,China,109.963339,39.822507
Yuncheng urban area,China,111.007529,35.026412
Laiwu urban area,China,117.676724,36.213814
Yanji urban area,China,129.508946,42.891255
Laizhou urban area,China,119.942327,37.177017
Shengzhou urban area,China,120.831026,29.56141
Shiyan urban area,China,110.798266,32.629398
Qujing urban area,China,103.796167,25.49
Wuwei urban area,China,102.638201,37.928267
Jati urban area,Indonesia,106.8974964,-6.1970255
Fenghuang urban area,China,109.598479,27.947978
Zhumadian urban area,China,114.022298,33.011529
Balikpapan urban area,Indonesia,116.8528526,-1.2379274
Guiping urban area,China,110.079379,23.394326
Akesu urban area,China,80.263387,41.167548
Mawlamyine urban area,Myanmar,97.6439611,16.4543173
Longkou urban area,China,120.477813,37.646108
Haining urban area,China,120.680757,30.510659
Meizhou urban area,China,116.122239,24.288615
Taizhou urban area,China,121.42076,28.65638
Shangyu urban area,China,120.868122,30.033121
Linzhou urban area,China,113.82013,36.083047
Sanya urban area,China,109.511909,18.252847
Matsuyama urban area,Japan,132.7655752,33.8391574
Tonghua urban area,China,125.939697,41.728401
Pontianak urban area,Indonesia,109.3425039,-0.0263303
Leiyang urban area,China,112.859795,26.422275
Xinyu urban area,China,114.917347,27.817809
Okayama urban area,Japan,133.9195019,34.6551456
Peicheng urban area,China,113.77125,33.675553
Shucheng urban area,China,116.948668,31.462026
Shimizu urban area,Japan,138.4895275,35.0158879
Kendari urban area,Indonesia,122.5129742,-3.9984597
Chenzhou urban area,China,113.014718,25.77051
Beihai urban area,China,109.120161,21.481291
Kisaran urban area,Indonesia,99.6278715,2.9831633
Tieling urban area,China,123.726035,42.223828
Yichun urban area,China,114.416786,27.815743
Zhucheng urban area,China,119.410103,35.995654
Danzhou urban area,China,109.580811,19.521134
Quzhou urban area,China,118.859457,28.97008
Jixian urban area,China,117.408306,40.046061
Chon Buri urban area,Thailand,100.9846717,13.3611431
Chaoyang urban area,China,120.449388,41.57365
Binzhou urban area,China,117.9707,37.38198
Hegang urban area,China,130.297964,47.349916
Wuzhou urban area,China,111.279115,23.476963
Zouping urban area,China,117.743109,36.862989
Tongxiang urban area,China,120.565099,30.630173
Liu'an urban area,China,116.521855,31.7337
Yibin urban area,China,104.643215,28.751769
Zhoukou urban area,China,114.696951,33.626149
Kofu urban area,Japan,138.5682015,35.66228
Deyang urban area,China,104.397894,31.126856
Sui'an urban area,China,108.93977,34.341575
Hamhung urban area,Democratic People's Republic of Korea,127.6124553,39.9838002
Weinan urban area,China,109.509786,34.499995
Chengde urban area,China,117.96275,40.952942
Lishi urban area,China,111.150733,37.517641
Rongcheng urban area,China,122.486658,37.16516
Pematangsiantar urban area,Indonesia,99.0681668,2.970042
Xinji urban area,China,115.218057,37.943315
Zhangqiu urban area,China,117.526228,36.681259
Sanmenling urban area,China,117.936692,28.519267
Can Tho urban area,Vietnam,105.7468535,10.0451618
Luzhou urban area,China,105.442258,28.871811
Bazhou urban area,China,116.391386,39.125898
Feicheng urban area,China,116.768358,36.182571
Zhuozhou urban area,China,115.974422,39.485283
Ezhou urban area,China,114.894843,30.39194
Bangtou urban area,China,118.754551,25.42239
Loudi urban area,China,111.993497,27.700063
Jingdezhen urban area,China,117.178443,29.268783
Sungai Petani urban area,Malaysia,100.4894179,5.643589
Shuangyashan urban area,China,131.159133,46.646509
Xinyang urban area,China,114.091023,32.146984
Jingjiang urban area,China,120.277138,31.982751
Singaraja urban area,Indonesia,115.0916254,-8.1149145
Beiliu urban area,China,110.354215,22.708311
Gaomi urban area,China,119.755597,36.382595
Laiyang urban area,China,120.711673,36.978941
Chiai urban area,"Taiwan, China",120.4491113,23.4800751
Hanzhong urban area,China,107.023323,33.06748
Nagano urban area,Japan,138.1947709,36.6485829
Lumajang urban area,Indonesia,113.1441558,-8.0943571
Qinzhou urban area,China,108.654147,21.979934
Hengshui urban area,China,115.670177,37.73892
Liuyang urban area,China,113.643076,28.162833
Pizhou urban area,China,118.012531,34.338888
Fuyang urban area,China,115.814205,32.890124
Taihe urban area,China,114.908873,26.789958
Huaihua urban area,China,110.001923,27.569517
Chonju urban area,Republic of Korea,127.1479532,35.8242238
Ansu urban area,China,80.263387,41.167548
Kuantan urban area,Malaysia,103.2201828,3.7633859
Jining urban area,China,116.587282,35.414982
Gongyi urban area,China,113.022497,34.747834
Shenzhou urban area,China,115.559574,38.001536
Taixing urban area,China,120.051744,32.171854
Bianzhuang urban area,China,117.100087,39.138304
Kagoshima urban area,Japan,130.5571158,31.5965535
Meihekou urban area,China,125.710896,42.539287
Jinzhou urban area,China,121.126846,41.095685
Haobi urban area,China,118.7769332,34.1117006
Shizuishan urban area,China,106.383304,38.983236
Zhongxing urban area,China,109.8891103,21.220078
Longyan urban area,China,117.017537,25.075123
Jiangdu urban area,China,119.569989,32.434672
Anpu urban area,China,116.682305,23.450032
Yulin urban area,China,110.164756,22.636379
Zhaozhou urban area,China,125.269281,45.708049
Zamboanga urban area,Philippines,122.0790267,6.9214424
Laixi urban area,China,120.51769,36.889084
Taishan urban area,China,112.794065,22.251924
Chuxiong urban area,China,101.528068,25.045532
Nongan urban area,China,125.184742,44.432889
Xingning urban area,China,115.73111,24.13663
Hebi urban area,China,114.297273,35.747225
Lianjiang urban area,China,119.539704,26.197364
Yutian urban area,China,81.677418,36.857081
Yishui urban area,China,118.627918,35.79045
Panzhihua urban area,China,101.718637,26.582347
Yongcheng urban area,China,116.4495,33.929291
Iloilo urban area,Philippines,122.5621063,10.7201501
Suihua urban area,China,126.968887,46.653845
Anqiu urban area,China,119.218978,36.478494
Shuozhou urban area,China,112.432825,39.331595
Xiaogan urban area,China,113.957037,30.917766
Chengyang urban area,China,120.39631,36.307064
Baoshan urban area,China,99.161761,25.112046
Xinghua urban area,China,119.852541,32.910459
Dali urban area,China,100.267638,25.606486
Chiang Mai urban area,Thailand,98.9817163,18.7060641
Xingyang urban area,China,113.383221,34.787375
Ku'erle urban area,China,86.174633,41.725891
Shuangcheng urban area,China,126.312745,45.383263
Yima urban area,China,111.87448,34.7474
Zhaodong urban area,China,125.961814,46.051126
Kurume urban area,Japan,130.5083735,33.3192865
Xinzhou urban area,China,112.734174,38.416663
Manado urban area,Indonesia,124.8420794,1.4748305
Pinghu urban area,China,121.015142,30.677233
Takamatsu urban area,Japan,134.046574,34.3427879
Jiyuan urban area,China,112.601919,35.067243
Hezhou urban area,China,111.566694,24.403582
Weitang urban area,China,120.649342,31.463476
Neijiang urban area,China,105.058433,29.580229
Baguio urban area,Philippines,120.5960071,16.4023332
Feixian urban area,China,117.977325,35.265961
Dujiangyan urban area,China,103.646912,30.988435
Linhe urban area,China,107.363919,40.751187
Chuzhou urban area,China,118.328322,32.253425
Banda Aceh urban area,Indonesia,95.3237559,5.5482904
Yueping urban area,China,121.4347858,29.2976344
Tancheng urban area,China,118.367215,34.613586
Longcheng urban area,China,120.413376,41.576749
Fengcheng urban area,China,115.771094,28.159142
Rugao urban area,China,120.574946,32.370557
Nakhon Ratchasima urban area,Thailand,102.083652,14.9738493
Aloríç Setar urban area,Malaysia,100.3678178,6.1248
Shahe urban area,China,114.503335,36.854922
Qui Nhon urban area,Vietnam,109.2196634,13.7829673
Huazhou urban area,China,110.639569,21.664044
Yongchuan urban area,China,105.927376,29.356117
Bencheng urban area,China,120.16366,33.347316
Suining urban area,China,105.592898,30.532847
Viangchan urban area,Lao PDR,102.6331035,17.9757058
Gaozhou urban area,China,110.853302,21.917982
Oita urban area,Japan,131.609272,33.2395578
Yuzhou urban area,China,113.488478,34.140701
Bago urban area,Myanmar,96.4663286,17.3220711
Wuchang urban area,China,114.316422,30.554363
Lingcheng urban area,China,116.576092,37.335794
Yanzhou urban area,China,116.783834,35.553144
Wuzhong urban area,China,106.198394,37.997461
Liupanshui urban area,China,104.830359,26.592666
Huanghua urban area,China,117.330048,38.371383
Niushan urban area,China,118.743257,34.521105
Potou urban area,China,110.455332,21.244721
Yuxi urban area,China,102.527197,24.347324
Fuzhou urban area,China,119.296494,26.074508
Shihezi urban area,China,86.080602,44.306097
Kuala Terengganu urban area,Malaysia,103.1370142,5.329624
Yunfu urban area,China,112.044491,22.915094
Changge urban area,China,113.819888,34.194136
Pohang urban area,Republic of Korea,129.3434808,36.0190178
Kaiyuan urban area,China,103.267143,23.714316
Long Xuyen urban area,Vietnam,105.4185406,10.3759416
Leizhou urban area,China,110.096586,20.914179
Shizilu urban area,China,109.184691,22.253586
Xianning urban area,China,114.322439,29.841438
Tianshui urban area,China,105.724947,34.580864
Zaoyang urban area,China,112.771959,32.128818
Xinle urban area,China,114.684014,38.343296
Huozhou urban area,China,111.755398,36.568931
Luoding urban area,China,111.570011,22.768595
Shanwei urban area,China,115.375159,22.786186
Liling urban area,China,113.496999,27.646096
Wendeng urban area,China,122.057941,37.193886
Sinuiju urban area,Democratic People's Republic of Korea,124.4489192,40.0823213
Lhasa urban area,China,91.17211,29.652491
Hejin urban area,China,110.712063,35.596383
Qidong urban area,China,121.655432,31.793278
Changyi urban area,China,119.398525,36.85882
Liyang urban area,China,119.484211,31.416911
Yingde urban area,China,113.401702,24.206986
Zhongxiang urban area,China,112.588121,31.16782
Linqu urban area,China,118.542982,36.512506
Fenghua urban area,China,121.406995,29.655143
Zhangye urban area,China,100.449818,38.925875
Meishan urban area,China,103.848538,30.07544
Changli urban area,China,119.162694,39.712813
Qufu urban area,China,116.986503,35.580996
Palu urban area,Indonesia,119.8779987,-0.9002915
Fujieda urban area,Japan,138.2574584,34.8673673
Hanchuan urban area,China,113.839149,30.661244
Wuhai urban area,China,106.794249,39.655389
Lanxi urban area,China,119.460526,29.208919
Yuanping urban area,China,112.711059,38.731402
Tianmen urban area,China,110.482084,29.046809
Hat Yai urban area,Thailand,100.4746879,7.0086472
Daojiang urban area,China,110.666615,23.883531
Tebingtinggi urban area,Indonesia,99.1566855,3.3262879
Xinyi urban area,China,110.947044,22.354385
General Santos urban area,Philippines,125.171618,6.1163861
Sandakan urban area,Malaysia,118.1171729,5.839444
Anguo urban area,China,115.326647,38.41844
Cagayan de Oro urban area,Philippines,124.6318977,8.4542363
Leling urban area,China,117.231935,37.729907
Yanshi urban area,China,112.789534,34.72722
Nagasaki urban area,Japan,129.877667,32.7502856
Haimen urban area,China,121.181615,31.871173
Jiehu urban area,China,118.45146,35.556017
Hetian urban area,China,79.922211,37.114157
Xingcheng urban area,China,120.72831,40.614762
Pengzhou urban area,China,103.958014,30.990108
Xiantao urban area,China,113.423482,30.360882
Ambon urban area,Indonesia,128.1907723,-3.6553932
Yucheng urban area,China,116.638327,36.933812
Dancheng urban area,China,115.177189,33.644743
Xiangcheng urban area,China,114.875333,33.465838
Linan urban area,China,119.724733,30.233873
Xingping urban area,China,108.490475,34.299221
Taiping urban area,Malaysia,100.7416339,4.851932
Chonan urban area,Republic of Korea,127.1138939,36.815129
Bukit Tinggi urban area,Indonesia,100.383479,-0.3039178
Ruijin urban area,China,116.027135,25.885555
Batu Pahat urban area,Malaysia,102.9352354,1.8469413
Jiangyan urban area,China,120.127934,32.509155
Nangong urban area,China,115.408748,37.359264
Chinju urban area,Republic of Korea,128.1076213,35.1799817
Hai'an urban area,China,120.467343,32.533573
Acheng urban area,China,126.958098,45.54867
Zhoushan urban area,China,122.207216,29.985295
Zhaoyuan urban area,China,120.434072,37.355469
Yancheng urban area,China,120.16366,33.347316
Haiyang urban area,China,121.158434,36.776378
Jintan urban area,China,119.597897,31.723248
Vung Tau urban area,Vietnam,107.136224,10.4113797
Monywa urban area,Myanmar,95.1536327,22.1215513
Xinmin urban area,China,122.828868,41.996508
Baiyin urban area,China,104.138586,36.545015
Liangshi urban area,China,111.300218,23.472162
Xiajin urban area,China,116.001726,36.948371
Xichang urban area,China,102.264449,27.894504
Dehui urban area,China,125.72862,44.521785
Cotabato urban area,Philippines,125.0388164,7.1083349
Xiazhen urban area,China,117.120878,34.810243
Zhongwei urban area,China,105.196902,37.499973
Tumxuk urban area,China,79.069332,39.864867
Lishui urban area,China,119.922796,28.46763
Ruzhou urban area,China,112.844517,34.16703
Gu'an urban area,China,116.298657,39.438214
Hancheng urban area,China,110.442847,35.476788
Bengkulu urban area,Indonesia,102.2607641,-3.7928451
Yishan urban area,China,117.002934,35.302489
Qianjiang urban area,China,112.900079,30.40211
Changning urban area,China,121.424624,31.220367
Baishan urban area,China,126.424251,41.940977
Miri urban area,Malaysia,113.9913832,4.399493
Kupang urban area,Indonesia,123.6070329,-10.1771997
Jiuquan urban area,China,98.494352,39.732819
Haila'er urban area,China,119.736279,49.212189
Xinmi urban area,China,113.390891,34.539443
Yangchun urban area,China,111.791539,22.170438
Huanggang urban area,China,114.8722,30.453667
Port Moresby urban area,Papua New Guinea,147.1506542,-9.4780123
Ube urban area,Japan,131.2467858,33.9515087
Emeishan urban area,China,103.334737,29.516007
Bandar Seri Begawan urban area,Brunei,114.939821,4.9030522
Qixia urban area,China,118.909246,32.096228
Hailun urban area,China,126.973143,47.461971
Shulan urban area,China,126.965607,44.406106
Cheju urban area,Republic of Korea,126.4983023,33.4890113
Jiangyou urban area,China,104.745823,31.778022
Tongchuan urban area,China,108.945233,34.896756
Laibin urban area,China,109.221466,23.750306
Koriyama urban area,Japan,140.3597421,37.400529
Guangyuan urban area,China,105.843357,32.435435
Xiangxiang urban area,China,112.535028,27.73412
Asahikawa urban area,Japan,142.364819,43.7706355
Penglai urban area,China,120.758848,37.810661
Lingbao urban area,China,110.89422,34.516828
Miluo urban area,China,113.06724,28.806394
Jiangjin urban area,China,106.259281,29.290069
Suizhou urban area,China,113.382458,31.690216
Zhicheng urban area,China,111.500775,30.297792
Hakodate urban area,Japan,140.7288103,41.7687933
Dazhou urban area,China,107.468023,31.209572
Pangkalpinang urban area,Indonesia,106.1169299,-2.1316266
Phan Thiet urban area,Vietnam,108.2614775,10.9804603
Qingyang urban area,China,107.643631,35.709077
Gaoping urban area,China,112.92392,35.797997
Lianyuan urban area,China,111.664316,27.692542
Yichuan urban area,China,110.168963,36.050178
Beining urban area,China,116.407395,39.904211
Xinyi urban area,China,110.947044,22.354385
Yingtan urban area,China,117.069202,28.260189
Panshi urban area,China,126.060427,42.946285
Qionghai urban area,China,110.474648,19.258342
Dagupan urban area,Philippines,120.3333124,16.0432998
Qionglai urban area,China,103.464156,30.410275
Suicheng urban area,China,116.844406,26.8302
Baicheng urban area,China,122.838826,45.619588
Wucheng urban area,China,119.571633,29.086221
Dengfeng urban area,China,113.050256,34.453506
Rushan urban area,China,121.539764,36.919816
Cenxi urban area,China,110.994913,22.91835
Dongfang urban area,China,108.651815,19.095351
Phan Rang urban area,Vietnam,108.9912066,11.5825677
Manzhouli urban area,China,117.37853,49.597841
Yizheng urban area,China,119.184766,32.272258
Jizhou urban area,China,115.579334,37.550821
Jiutai urban area,China,125.839574,44.151742
Linxia urban area,China,103.210539,35.601182
Nantou urban area,"Taiwan, China",120.6775054,23.9179637
Morioka urban area,Japan,141.1544838,39.702053
Yongji urban area,China,110.447549,34.86705
Hon Gai urban area,Vietnam,107.0448069,20.9711977
Thanh Hoa urban area,Vietnam,105.7851816,19.806692
Akita urban area,Japan,140.1023643,39.7186135
Jingmen urban area,China,112.199427,31.035396
Chaohu urban area,China,117.890355,31.624522
Sunchon urban area,Republic of Korea,127.4872135,34.950637
Khon-kaen urban area,Thailand,102.8236214,16.4321938
Hechuan urban area,China,106.27613,29.972084
Shangzhi urban area,China,128.009895,45.209586
Yongzhou urban area,China,111.613445,26.420394
Dipu urban area,China,119.686617,30.631838
Saga urban area,Japan,130.3008576,33.263482
Enping urban area,China,112.305145,22.183206
Wulanhaote urban area,China,122.093123,46.072732
Gejiu urban area,China,103.160034,23.359121
Anning urban area,China,102.478494,24.919493
Jiayuguan urban area,China,98.289152,39.77313
Lingyuan urban area,China,119.401574,41.245445
Changji urban area,China,87.304112,44.013183
Mianzhu urban area,China,104.22075,31.338077
Hongqiao urban area,China,121.405981,31.211101
Touliu urban area,"Taiwan, China",120.5409089,23.7077947
Sanchahe urban area,China,114.137862,22.541373
Jieshou urban area,China,115.374564,33.257013
Fukushima urban area,Japan,140.4747282,37.7608337
Yongzhou urban area,China,111.613445,26.420394
Wanning urban area,China,110.391073,18.795143
Qingtongxia urban area,China,106.078818,38.021302
Fu'an urban area,China,119.64777,27.088049
Lucena urban area,Philippines,121.6234471,13.9413957
Tawau urban area,Malaysia,117.8911861,4.244651
Aomori urban area,Japan,140.7473647,40.822072
Jiaohe urban area,China,89.066056,42.953244
Wuyuan urban area,China,117.861798,29.248086
Zhaotong urban area,China,103.717465,27.338257
Jurong urban area,China,119.168695,31.944999
Hachinohe urban area,Japan,141.4883986,40.5122839
Huangshan urban area,China,118.169798,30.113962
Yan'an urban area,China,109.489757,36.585445
Dili urban area,Timor-Leste,125.5603143,-8.5568557
Jinchang urban area,China,102.188043,38.520089
Lengshuijiang urban area,China,111.434984,27.686252
Anshun urban area,China,105.947594,26.253072
Thai Nguyen urban area,Vietnam,105.8252038,21.5671559
Karamay urban area,China,84.889207,45.579889
Dongtai urban area,China,120.320752,32.866933
Ankang urban area,China,109.029022,32.684715
Ji'an urban area,China,114.964696,27.087637
Xuancheng urban area,China,118.758588,30.94069
Zhaozhen urban area,China,104.439764,30.856856
Sanming urban area,China,117.638678,26.263407
Kluang urban area,Malaysia,103.3184639,2.030068
Wusu urban area,China,84.678549,44.435508
Fangchengang urban area,China,108.353847,21.68686
Hami urban area,China,93.515151,42.81842
Pingliang urban area,China,106.665131,35.543061
Huadian urban area,China,126.74631,42.972097
Nanma urban area,China,121.275156,37.186393
Yamagata urban area,Japan,140.3396017,38.2554388
Shangmei urban area,China,111.304291,27.742721
Bijie urban area,China,105.291644,27.283955
Nagaoka urban area,Japan,138.8512772,37.4462652
Wucheng urban area,China,119.571633,29.086221
Gaoyou urban area,China,119.459161,32.781659
Huaicheng urban area,China,112.190653,23.913817
Nanping urban area,China,118.177708,26.641769
Jiangshan urban area,China,118.626974,28.737223
Udon Thani urban area,Thailand,102.8158924,17.3646969
Yuanjiang urban area,China,112.355954,28.847045
Sibu urban area,Malaysia,111.830535,2.287284
Chongjin urban area,Democratic People's Republic of Korea,129.723402,41.7669671
Ziyang urban area,China,104.627636,30.128901
Xifeng urban area,China,124.727393,42.73803
Play Cu urban area,Vietnam,108.0150796,13.9718356
Houma urban area,China,111.372002,35.619105
Namp'o urban area,Democratic People's Republic of Korea,125.3246769,38.7522606
Jaya Pura urban area,Indonesia,140.6689995,-2.5916025
Jiande urban area,China,119.281164,29.474871
Sishui urban area,China,117.251195,35.664323
Tarakan urban area,Indonesia,117.5785049,3.3273599
Hikone urban area,Japan,136.2596226,35.274461
Macheng urban area,China,115.008163,31.17274
Sariwon urban area,Democratic People's Republic of Korea,125.7516069,38.5023428
Yitong urban area,China,125.305394,43.345754
Tiefa urban area,China,123.555153,42.458856
Changqing urban area,China,116.751937,36.553571
Xilinhaote urban area,China,116.086032,43.933411
Yongqing urban area,China,116.499028,39.321794
Dumai urban area,Indonesia,101.4001855,1.6666349
Cam Pha urban area,Vietnam,107.3139304,21.0694762
Tuy Hoa urban area,Vietnam,109.295048,13.1057062
Xidu urban area,China,112.3724728,26.9690227
Nehe urban area,China,124.884244,48.484099
Fengcheng urban area,China,115.771094,28.159142
Yosu  urban area,Republic of Korea,127.6622221,34.7603737
Chizhou urban area,China,117.491568,30.6648
Wuxue urban area,China,115.561217,29.844107
Hualien urban area,"Taiwan, China",121.6111949,23.9910732
Sorong urban area,Indonesia,131.255828,-0.8761629
Gao'an urban area,China,115.375616,28.417255
Zhangjiajie urban area,China,110.479191,29.117096
Kaili urban area,China,107.981212,26.566867
Shifang urban area,China,104.167501,31.12678
Ningde urban area,China,119.547933,26.665617
Tulufan urban area,China,89.189655,42.951384
Pathein urban area,Myanmar,94.7381013,16.7753609
Guixi urban area,China,117.245497,28.292519
Da Lat urban area,Vietnam,108.4583132,11.9404192
Yicheng urban area,China,112.257788,31.719806
Lingwu urban area,China,106.340054,38.102655
Cam Ranh urban area,Vietnam,109.1701666,11.893334
Funan urban area,China,115.595644,32.658297
Chibi urban area,China,113.900628,29.724692
Vinh Long urban area,Vietnam,105.958865,10.2448442
Gujiao urban area,China,112.175875,37.907109
Linxiang urban area,China,113.450423,29.476849
Ningguo urban area,China,118.982915,30.633571
Shishou urban area,China,112.425454,29.720938
Jin'e urban area,China,111.916683,23.996249
Xucheng urban area,China,113.852454,34.035771
Huangmei urban area,China,115.944219,30.070454
Laohekou urban area,China,111.683861,32.359068
Wenchang urban area,China,110.79776,19.543279
Iligan urban area,Philippines,124.2452422,8.2280209
Kure urban area,Japan,132.5654407,34.2486458
Tagum urban area,Philippines,125.8094242,7.448212
Pakokku urban area,Myanmar,95.0702794,21.3394161
Dunhua urban area,China,128.232013,43.372413
Longnan urban area,China,104.921841,33.400685
Lechang urban area,China,113.347519,25.130136
Marawi urban area,Philippines,124.297718,8.0106213
Xingyi urban area,China,104.895467,25.09204
Ningan urban area,China,129.482851,44.34072
Sasebo urban area,Japan,129.7151101,33.1799153
Niihama urban area,Japan,133.2833512,33.9602895
Bitung urban area,Indonesia,125.148879,1.4820335
Bole urban area,China,82.051005,44.85387
Iwaki urban area,Japan,140.8876817,37.0504195
Padangsidempuan urban area,Indonesia,99.2730146,1.3721801
Kushiro urban area,Japan,144.3813556,42.9848542
Douhuti urban area,China,107.984442,34.459803
Tokuyama urban area,Japan,131.8140153,34.065682
Kanggye urban area,Democratic People's Republic of Korea,126.5990916,40.9676726
Tarlac urban area,Philippines,120.5963492,15.4754786
Huoqiu urban area,China,116.277912,32.353038
Da'an urban area,China,124.292626,45.506996
Yidu urban area,China,111.450006,30.378327
Rach Gia urban area,Vietnam,105.0910974,10.021507
Gorontalo urban area,Indonesia,122.4467238,0.6999372
Surat Thani urban area,Thailand,99.3266976,9.1338851
Yichun urban area,China,114.416786,27.815743
Ruichang urban area,China,115.681337,29.675874
Thai Binh urban area,Vietnam,106.3365828,20.4463471
Zhijiang urban area,China,111.76053,30.42594
Soc Trang urban area,Vietnam,105.9599539,9.6003688
Caohe urban area,China,115.441958,30.250941
Myingyan urban area,Myanmar,95.38872,21.4662223
Dehong urban area,China,98.584895,24.433353
Hirosaki urban area,Japan,140.4639223,40.6031243
Rayong urban area,Thailand,101.1473517,12.707434
Kuitun urban area,China,84.903267,44.426529
Watampone urban area,Indonesia,120.324997,-4.538772
Yanling urban area,China,113.772655,26.489902
Toungoo urban area,Myanmar,96.4343621,18.9398354
Qingzhen urban area,China,106.470715,26.556079
Salatiga urban area,Indonesia,110.5001357,-7.3306417
Kunsan urban area,Republic of Korea,126.7366293,35.9676772
Matsue urban area,Japan,133.048375,35.4680595
Zhangshu urban area,China,115.546152,28.055853
Ubon Ratchathani urban area,Thailand,104.8472995,15.2448453
Lufeng urban area,China,115.65226,22.917576
Hailin urban area,China,129.380482,44.594213
Shangzhou urban area,China,109.941241,33.862703
My Tho urban area,Vietnam,106.3438891,10.3765284
Ca Mau urban area,Vietnam,105.1960795,9.1526728
Muling urban area,China,130.524437,44.918813
Renhuai urban area,China,106.400342,27.79165
Xuanwei urban area,China,104.104475,26.219767
Mengyin urban area,China,117.953621,35.719397
Bei'an urban area,China,126.481867,48.239136
Yingcheng urban area,China,113.572707,30.92837
Omuta urban area,Japan,130.4459852,33.0302622
Dangyang urban area,China,111.788312,30.821266
Shimonoseki urban area,Japan,130.941459,33.9578307
Ejin Horo urban area,China,109.74774,39.56466
Zixing urban area,China,113.236146,25.976243
Pyin-Oo-Lwin urban area,Myanmar,96.471658,22.0391773
Tomakomai urban area,Japan,141.6053721,42.6343021
Hongning urban area,China,119.209837,35.740067
Zhangjiang urban area,China,110.359336,21.270746
Tieli urban area,China,128.032422,46.98664
Songzi urban area,China,111.779894,30.176768
Mishan urban area,China,131.846636,45.529775
Longjiang urban area,China,113.073906,22.868396
Taonan urban area,China,122.786735,45.335961
Batangas urban area,Philippines,121.1312012,13.9450336
Kabankalan urban area,Philippines,122.8535755,9.9134117
Fengzhen urban area,China,113.109892,40.436983
Jishou urban area,China,109.698055,28.262507
Sibolga urban area,Indonesia,98.7851121,1.7368371
Jianyang urban area,China,118.120464,27.331876
Cabanatuan urban area,Philippines,120.973393,15.4865047
Guangan urban area,China,106.633088,30.456224
Xinshi urban area,China,113.256439,23.199183
Wonsan urban area,Democratic People's Republic of Korea,127.4460001,39.1538529
Pingyin urban area,China,116.456187,36.289265
Yuanzhou urban area,China,106.287782,36.00374
Beipiao urban area,China,120.77073,41.800684
Lampang urban area,Thailand,99.5127895,18.2855395
Nanchuan urban area,China,107.099266,29.157891
Ishinomaki urban area,Japan,141.3029167,38.4344802
Butuan urban area,Philippines,125.5406234,8.9475377
Obihiro urban area,Japan,143.1961031,42.9238989
Lijiang urban area,China,100.227751,26.855047
Wugang urban area,China,110.631884,26.726599
Gaosha urban area,China,117.910651,26.424987
Bontang urban area,Indonesia,117.4800445,0.120863
Ya'an urban area,China,103.013261,29.980537
Anlu urban area,China,113.688941,31.25561
Haeju urban area,Democratic People's Republic of Korea,125.7079231,38.0375021
Atushi urban area,China,76.1684,39.71616
Tanjungpinang urban area,Indonesia,104.4665072,0.9185504
Yonago urban area,Japan,133.3309447,35.4280717